ID,URL,FILE_JSON
1,http://ecx.images-amazon.com/images/I/41O3QMq%2B31L.jpg,1
2,http://www.chocolate-brands.com/image/cache/data/Milka/Milka-chocolates/milka-yoghurt-chocolate-bar-100g-500x500.png,2
3,http://ecx.images-amazon.com/images/I/41SyquzsESL._SY300_.jpg,3
4,http://magazinalimentaronline.ro/image/cache/data/Imagini%20produse%20bune/delicatese/Biscuiti%20Oreo%2066%20gr-500x500.jpg,4
5,http://www.realgoods.ch/pictures_products/02-040.jpg,5
6,http://www.danone.ro/wp-content/uploads/2014/03/activia4.jpg,6
7,http://www.shopnaturally.com.au/images/P/nakula-coconut-cream.jpg,7
8,http://www.shopnaturally.com.au/images/P/dr-superfoods-super-raspberries-01.jpg,8
9,http://www.eastendfoods.co.uk/assets/Uploads/products_photos/_resampled/resizedimage300300-Ginger-1.jpeg,9
10,http://www.needlesports.com/imagecache/2bc73150-344c-4a8a-b7e9-9e5b00f700cf_720x720.jpg,10
11,http://png-2.findicons.com/files/icons/1072/face_avatars/300/l01.png,11
13,http://localhost/public/media/2015/05/author2%20%281%29.jpg,{"name":"author2 (1).jpg","size":122539,"type":"image\/jpeg","url":"http:\/\/localhost\/public\/media\/2015\/05\/author2%20%281%29.jpg","largeUrl":"http:\/\/localhost\/public\/media\/2015\/05\/large\/author2%20%281%29.jpg","mediumUrl":"http:\/\/localhost\/public\/media\/2015\/05\/medium\/author2%20%281%29.jpg","thumbnailUrl":"http:\/\/localhost\/public\/media\/2015\/05\/thumbnail\/author2%20%281%29.jpg"}
14,http://localhost/public/media/2015/05/author2%20%282%29.jpg,{"name":"author2 (2).jpg","size":122539,"type":"image\/jpeg","url":"http:\/\/localhost\/public\/media\/2015\/05\/author2%20%282%29.jpg","largeUrl":"http:\/\/localhost\/public\/media\/2015\/05\/large\/author2%20%282%29.jpg","mediumUrl":"http:\/\/localhost\/public\/media\/2015\/05\/medium\/author2%20%282%29.jpg","thumbnailUrl":"http:\/\/localhost\/public\/media\/2015\/05\/thumbnail\/author2%20%282%29.jpg"}
15,http://localhost/public/media/2015/05/9518-close-up-of-party-food-or%20%2814%29.jpg,{"name":"9518-close-up-of-party-food-or (14).jpg","size":309854,"type":"image\/jpeg","url":"http:\/\/localhost\/public\/media\/2015\/05\/9518-close-up-of-party-food-or%20%2814%29.jpg","largeUrl":"http:\/\/localhost\/public\/media\/2015\/05\/large\/9518-close-up-of-party-food-or%20%2814%29.jpg","mediumUrl":"http:\/\/localhost\/public\/media\/2015\/05\/medium\/9518-close-up-of-party-food-or%20%2814%29.jpg","thumbnailUrl":"http:\/\/localhost\/public\/media\/2015\/05\/thumbnail\/9518-close-up-of-party-food-or%20%2814%29.jpg"}
16,http://localhost/public/media/2015/05/9518-close-up-of-party-food-or%20%2815%29.jpg,{"name":"9518-close-up-of-party-food-or (15).jpg","size":309854,"type":"image\/jpeg","url":"http:\/\/localhost\/public\/media\/2015\/05\/9518-close-up-of-party-food-or%20%2815%29.jpg","largeUrl":"http:\/\/localhost\/public\/media\/2015\/05\/large\/9518-close-up-of-party-food-or%20%2815%29.jpg","mediumUrl":"http:\/\/localhost\/public\/media\/2015\/05\/medium\/9518-close-up-of-party-food-or%20%2815%29.jpg","thumbnailUrl":"http:\/\/localhost\/public\/media\/2015\/05\/thumbnail\/9518-close-up-of-party-food-or%20%2815%29.jpg"}
17,http://localhost/public/media/2015/05/author2%20%283%29.jpg,{"name":"author2 (3).jpg","size":122539,"type":"image\/jpeg","url":"http:\/\/localhost\/public\/media\/2015\/05\/author2%20%283%29.jpg","largeUrl":"http:\/\/localhost\/public\/media\/2015\/05\/large\/author2%20%283%29.jpg","mediumUrl":"http:\/\/localhost\/public\/media\/2015\/05\/medium\/author2%20%283%29.jpg","thumbnailUrl":"http:\/\/localhost\/public\/media\/2015\/05\/thumbnail\/author2%20%283%29.jpg"}
18,http://localhost/public/media/2015/05/author2%20%284%29.jpg,{"name":"author2 (4).jpg","size":122539,"type":"image\/jpeg","url":"http:\/\/localhost\/public\/media\/2015\/05\/author2%20%284%29.jpg","largeUrl":"http:\/\/localhost\/public\/media\/2015\/05\/large\/author2%20%284%29.jpg","mediumUrl":"http:\/\/localhost\/public\/media\/2015\/05\/medium\/author2%20%284%29.jpg","thumbnailUrl":"http:\/\/localhost\/public\/media\/2015\/05\/thumbnail\/author2%20%284%29.jpg"}
19,http://localhost/public/media/2015/05/author3.jpg,{"name":"author3.jpg","size":122420,"type":"image\/jpeg","url":"http:\/\/localhost\/public\/media\/2015\/05\/author3.jpg","largeUrl":"http:\/\/localhost\/public\/media\/2015\/05\/large\/author3.jpg","mediumUrl":"http:\/\/localhost\/public\/media\/2015\/05\/medium\/author3.jpg","thumbnailUrl":"http:\/\/localhost\/public\/media\/2015\/05\/thumbnail\/author3.jpg"}
20,http://localhost/public/media/2015/05/author3%20%281%29.jpg,{"name":"author3 (1).jpg","size":122420,"type":"image\/jpeg","url":"http:\/\/localhost\/public\/media\/2015\/05\/author3%20%281%29.jpg","largeUrl":"http:\/\/localhost\/public\/media\/2015\/05\/large\/author3%20%281%29.jpg","mediumUrl":"http:\/\/localhost\/public\/media\/2015\/05\/medium\/author3%20%281%29.jpg","thumbnailUrl":"http:\/\/localhost\/public\/media\/2015\/05\/thumbnail\/author3%20%281%29.jpg"}
21,http://localhost/public/media/2015/05/author2%20%285%29.jpg,{"name":"author2 (5).jpg","size":122539,"type":"image\/jpeg","url":"http:\/\/localhost\/public\/media\/2015\/05\/author2%20%285%29.jpg","largeUrl":"http:\/\/localhost\/public\/media\/2015\/05\/large\/author2%20%285%29.jpg","mediumUrl":"http:\/\/localhost\/public\/media\/2015\/05\/medium\/author2%20%285%29.jpg","thumbnailUrl":"http:\/\/localhost\/public\/media\/2015\/05\/thumbnail\/author2%20%285%29.jpg"}
22,http://localhost/public/media/2015/05/author2%20%286%29.jpg,{"name":"author2 (6).jpg","size":122539,"type":"image\/jpeg","url":"http:\/\/localhost\/public\/media\/2015\/05\/author2%20%286%29.jpg","largeUrl":"http:\/\/localhost\/public\/media\/2015\/05\/large\/author2%20%286%29.jpg","mediumUrl":"http:\/\/localhost\/public\/media\/2015\/05\/medium\/author2%20%286%29.jpg","thumbnailUrl":"http:\/\/localhost\/public\/media\/2015\/05\/thumbnail\/author2%20%286%29.jpg"}
23,http://localhost/public/media/2015/05/author2%20%287%29.jpg,{"name":"author2 (7).jpg","size":122539,"type":"image\/jpeg","url":"http:\/\/localhost\/public\/media\/2015\/05\/author2%20%287%29.jpg","largeUrl":"http:\/\/localhost\/public\/media\/2015\/05\/large\/author2%20%287%29.jpg","mediumUrl":"http:\/\/localhost\/public\/media\/2015\/05\/medium\/author2%20%287%29.jpg","thumbnailUrl":"http:\/\/localhost\/public\/media\/2015\/05\/thumbnail\/author2%20%287%29.jpg"}
24,http://localhost/public/media/2015/05/author2%20%288%29.jpg,{"name":"author2 (8).jpg","size":122539,"type":"image\/jpeg","url":"http:\/\/localhost\/public\/media\/2015\/05\/author2%20%288%29.jpg","largeUrl":"http:\/\/localhost\/public\/media\/2015\/05\/large\/author2%20%288%29.jpg","mediumUrl":"http:\/\/localhost\/public\/media\/2015\/05\/medium\/author2%20%288%29.jpg","thumbnailUrl":"http:\/\/localhost\/public\/media\/2015\/05\/thumbnail\/author2%20%288%29.jpg"}
25,http://localhost/public/media/2015/05/author2%20%289%29.jpg,{"name":"author2 (9).jpg","size":122539,"type":"image\/jpeg","url":"http:\/\/localhost\/public\/media\/2015\/05\/author2%20%289%29.jpg","largeUrl":"http:\/\/localhost\/public\/media\/2015\/05\/large\/author2%20%289%29.jpg","mediumUrl":"http:\/\/localhost\/public\/media\/2015\/05\/medium\/author2%20%289%29.jpg","thumbnailUrl":"http:\/\/localhost\/public\/media\/2015\/05\/thumbnail\/author2%20%289%29.jpg"}
26,http://localhost/public/media/2015/05/author2%20%2810%29.jpg,{"name":"author2 (10).jpg","size":122539,"type":"image\/jpeg","url":"http:\/\/localhost\/public\/media\/2015\/05\/author2%20%2810%29.jpg","largeUrl":"http:\/\/localhost\/public\/media\/2015\/05\/large\/author2%20%2810%29.jpg","mediumUrl":"http:\/\/localhost\/public\/media\/2015\/05\/medium\/author2%20%2810%29.jpg","thumbnailUrl":"http:\/\/localhost\/public\/media\/2015\/05\/thumbnail\/author2%20%2810%29.jpg"}
27,http://localhost/public/media/2015/05/author2%20%2811%29.jpg,{"name":"author2 (11).jpg","size":122539,"type":"image\/jpeg","url":"http:\/\/localhost\/public\/media\/2015\/05\/author2%20%2811%29.jpg","largeUrl":"http:\/\/localhost\/public\/media\/2015\/05\/large\/author2%20%2811%29.jpg","mediumUrl":"http:\/\/localhost\/public\/media\/2015\/05\/medium\/author2%20%2811%29.jpg","thumbnailUrl":"http:\/\/localhost\/public\/media\/2015\/05\/thumbnail\/author2%20%2811%29.jpg"}
28,http://localhost/public/media/2015/05/author2%20%2812%29.jpg,{"name":"author2 (12).jpg","size":122539,"type":"image\/jpeg","url":"http:\/\/localhost\/public\/media\/2015\/05\/author2%20%2812%29.jpg","largeUrl":"http:\/\/localhost\/public\/media\/2015\/05\/large\/author2%20%2812%29.jpg","mediumUrl":"http:\/\/localhost\/public\/media\/2015\/05\/medium\/author2%20%2812%29.jpg","thumbnailUrl":"http:\/\/localhost\/public\/media\/2015\/05\/thumbnail\/author2%20%2812%29.jpg"}
29,http://localhost/public/media/2015/05/9518-close-up-of-party-food-or%20%2816%29.jpg,{"name":"9518-close-up-of-party-food-or (16).jpg","size":309854,"type":"image\/jpeg","url":"http:\/\/localhost\/public\/media\/2015\/05\/9518-close-up-of-party-food-or%20%2816%29.jpg","largeUrl":"http:\/\/localhost\/public\/media\/2015\/05\/large\/9518-close-up-of-party-food-or%20%2816%29.jpg","mediumUrl":"http:\/\/localhost\/public\/media\/2015\/05\/medium\/9518-close-up-of-party-food-or%20%2816%29.jpg","thumbnailUrl":"http:\/\/localhost\/public\/media\/2015\/05\/thumbnail\/9518-close-up-of-party-food-or%20%2816%29.jpg"}
30,http://localhost/public/media/2015/05/10676-a-display-of-mixed-fruits-and-vegetables-pv%20%281%29.jpg,{"name":"10676-a-display-of-mixed-fruits-and-vegetables-pv (1).jpg","size":478224,"type":"image\/jpeg","url":"http:\/\/localhost\/public\/media\/2015\/05\/10676-a-display-of-mixed-fruits-and-vegetables-pv%20%281%29.jpg","largeUrl":"http:\/\/localhost\/public\/media\/2015\/05\/large\/10676-a-display-of-mixed-fruits-and-vegetables-pv%20%281%29.jpg","mediumUrl":"http:\/\/localhost\/public\/media\/2015\/05\/medium\/10676-a-display-of-mixed-fruits-and-vegetables-pv%20%281%29.jpg","thumbnailUrl":"http:\/\/localhost\/public\/media\/2015\/05\/thumbnail\/10676-a-display-of-mixed-fruits-and-vegetables-pv%20%281%29.jpg"}
31,http://localhost/public/media/2015/05/Crawfish_food%20%281%29.jpg,{"name":"Crawfish_food (1).jpg","size":185915,"type":"image\/jpeg","url":"http:\/\/localhost\/public\/media\/2015\/05\/Crawfish_food%20%281%29.jpg","largeUrl":"http:\/\/localhost\/public\/media\/2015\/05\/large\/Crawfish_food%20%281%29.jpg","mediumUrl":"http:\/\/localhost\/public\/media\/2015\/05\/medium\/Crawfish_food%20%281%29.jpg","thumbnailUrl":"http:\/\/localhost\/public\/media\/2015\/05\/thumbnail\/Crawfish_food%20%281%29.jpg"}
32,http://localhost/public/media/2015/05/BloominOnionBurger%20%281%29.jpg,{"name":"BloominOnionBurger (1).jpg","size":84529,"type":"image\/jpeg","url":"http:\/\/localhost\/public\/media\/2015\/05\/BloominOnionBurger%20%281%29.jpg","largeUrl":"http:\/\/localhost\/public\/media\/2015\/05\/large\/BloominOnionBurger%20%281%29.jpg","mediumUrl":"http:\/\/localhost\/public\/media\/2015\/05\/medium\/BloominOnionBurger%20%281%29.jpg","thumbnailUrl":"http:\/\/localhost\/public\/media\/2015\/05\/thumbnail\/BloominOnionBurger%20%281%29.jpg"}
33,http://localhost/public/media/2015/05/10676-a-display-of-mixed-fruits-and-vegetables-pv%20%282%29.jpg,{"name":"10676-a-display-of-mixed-fruits-and-vegetables-pv (2).jpg","size":478224,"type":"image\/jpeg","url":"http:\/\/localhost\/public\/media\/2015\/05\/10676-a-display-of-mixed-fruits-and-vegetables-pv%20%282%29.jpg","largeUrl":"http:\/\/localhost\/public\/media\/2015\/05\/large\/10676-a-display-of-mixed-fruits-and-vegetables-pv%20%282%29.jpg","mediumUrl":"http:\/\/localhost\/public\/media\/2015\/05\/medium\/10676-a-display-of-mixed-fruits-and-vegetables-pv%20%282%29.jpg","thumbnailUrl":"http:\/\/localhost\/public\/media\/2015\/05\/thumbnail\/10676-a-display-of-mixed-fruits-and-vegetables-pv%20%282%29.jpg"}
34,http://localhost/public/media/2015/05/7.jpg,{"name":"7.jpg","size":205470,"type":"image\/jpeg","url":"http:\/\/localhost\/public\/media\/2015\/05\/7.jpg","largeUrl":"http:\/\/localhost\/public\/media\/2015\/05\/large\/7.jpg","mediumUrl":"http:\/\/localhost\/public\/media\/2015\/05\/medium\/7.jpg","thumbnailUrl":"http:\/\/localhost\/public\/media\/2015\/05\/thumbnail\/7.jpg"}
35,http://localhost/public/media/2015/05/food-fruits-cereals-breakfast%20%282%29.jpg,{"name":"food-fruits-cereals-breakfast (2).jpg","size":1336468,"type":"image\/jpeg","url":"http:\/\/localhost\/public\/media\/2015\/05\/food-fruits-cereals-breakfast%20%282%29.jpg","largeUrl":"http:\/\/localhost\/public\/media\/2015\/05\/large\/food-fruits-cereals-breakfast%20%282%29.jpg","mediumUrl":"http:\/\/localhost\/public\/media\/2015\/05\/medium\/food-fruits-cereals-breakfast%20%282%29.jpg","thumbnailUrl":"http:\/\/localhost\/public\/media\/2015\/05\/thumbnail\/food-fruits-cereals-breakfast%20%282%29.jpg"}
36,http://localhost/public/media/2015/05/food-fruits-cereals-breakfast%20%283%29.jpg,{"name":"food-fruits-cereals-breakfast (3).jpg","size":1336468,"type":"image\/jpeg","url":"http:\/\/localhost\/public\/media\/2015\/05\/food-fruits-cereals-breakfast%20%283%29.jpg","largeUrl":"http:\/\/localhost\/public\/media\/2015\/05\/large\/food-fruits-cereals-breakfast%20%283%29.jpg","mediumUrl":"http:\/\/localhost\/public\/media\/2015\/05\/medium\/food-fruits-cereals-breakfast%20%283%29.jpg","thumbnailUrl":"http:\/\/localhost\/public\/media\/2015\/05\/thumbnail\/food-fruits-cereals-breakfast%20%283%29.jpg"}
37,http://localhost/public/media/2015/05/Szechwan_beef_broccoli_food_dinner%20%281%29.jpg,{"name":"Szechwan_beef_broccoli_food_dinner (1).jpg","size":134192,"type":"image\/jpeg","url":"http:\/\/localhost\/public\/media\/2015\/05\/Szechwan_beef_broccoli_food_dinner%20%281%29.jpg","largeUrl":"http:\/\/localhost\/public\/media\/2015\/05\/large\/Szechwan_beef_broccoli_food_dinner%20%281%29.jpg","mediumUrl":"http:\/\/localhost\/public\/media\/2015\/05\/medium\/Szechwan_beef_broccoli_food_dinner%20%281%29.jpg","thumbnailUrl":"http:\/\/localhost\/public\/media\/2015\/05\/thumbnail\/Szechwan_beef_broccoli_food_dinner%20%281%29.jpg"}
38,http://localhost/public/media/2015/05/download.jpg,{"name":"download.jpg","size":8065,"type":"image\/jpeg","url":"http:\/\/localhost\/public\/media\/2015\/05\/download.jpg","largeUrl":"http:\/\/localhost\/public\/media\/2015\/05\/large\/download.jpg","mediumUrl":"http:\/\/localhost\/public\/media\/2015\/05\/medium\/download.jpg","thumbnailUrl":"http:\/\/localhost\/public\/media\/2015\/05\/thumbnail\/download.jpg"}
39,http://localhost/public/media/2015/05/photo-1416339698674-4f118dd3388b%20%281%29.jpg,{"name":"photo-1416339698674-4f118dd3388b (1).jpg","size":2266267,"type":"image\/jpeg","url":"http:\/\/localhost\/public\/media\/2015\/05\/photo-1416339698674-4f118dd3388b%20%281%29.jpg","largeUrl":"http:\/\/localhost\/public\/media\/2015\/05\/large\/photo-1416339698674-4f118dd3388b%20%281%29.jpg","mediumUrl":"http:\/\/localhost\/public\/media\/2015\/05\/medium\/photo-1416339698674-4f118dd3388b%20%281%29.jpg","thumbnailUrl":"http:\/\/localhost\/public\/media\/2015\/05\/thumbnail\/photo-1416339698674-4f118dd3388b%20%281%29.jpg"}
40,http://localhost/public/media/2015/05/vegetables.jpg,{"name":"vegetables.jpg","size":409402,"type":"image\/jpeg","url":"http:\/\/localhost\/public\/media\/2015\/05\/vegetables.jpg","largeUrl":"http:\/\/localhost\/public\/media\/2015\/05\/large\/vegetables.jpg","mediumUrl":"http:\/\/localhost\/public\/media\/2015\/05\/medium\/vegetables.jpg","thumbnailUrl":"http:\/\/localhost\/public\/media\/2015\/05\/thumbnail\/vegetables.jpg"}
41,http://localhost/public/media/2015/05/Crawfish_food%20%282%29.jpg,{"name":"Crawfish_food (2).jpg","size":185915,"type":"image\/jpeg","url":"http:\/\/localhost\/public\/media\/2015\/05\/Crawfish_food%20%282%29.jpg","largeUrl":"http:\/\/localhost\/public\/media\/2015\/05\/large\/Crawfish_food%20%282%29.jpg","mediumUrl":"http:\/\/localhost\/public\/media\/2015\/05\/medium\/Crawfish_food%20%282%29.jpg","thumbnailUrl":"http:\/\/localhost\/public\/media\/2015\/05\/thumbnail\/Crawfish_food%20%282%29.jpg"}
42,http://localhost/public/media/2015/05/Crawfish_food%20%283%29.jpg,{"name":"Crawfish_food (3).jpg","size":185915,"type":"image\/jpeg","url":"http:\/\/localhost\/public\/media\/2015\/05\/Crawfish_food%20%283%29.jpg","largeUrl":"http:\/\/localhost\/public\/media\/2015\/05\/large\/Crawfish_food%20%283%29.jpg","mediumUrl":"http:\/\/localhost\/public\/media\/2015\/05\/medium\/Crawfish_food%20%283%29.jpg","thumbnailUrl":"http:\/\/localhost\/public\/media\/2015\/05\/thumbnail\/Crawfish_food%20%283%29.jpg"}
43,http://localhost/public/media/2015/05/CornmealProducts%20%281%29.jpg,{"name":"CornmealProducts (1).jpg","size":998467,"type":"image\/jpeg","url":"http:\/\/localhost\/public\/media\/2015\/05\/CornmealProducts%20%281%29.jpg","largeUrl":"http:\/\/localhost\/public\/media\/2015\/05\/large\/CornmealProducts%20%281%29.jpg","mediumUrl":"http:\/\/localhost\/public\/media\/2015\/05\/medium\/CornmealProducts%20%281%29.jpg","thumbnailUrl":"http:\/\/localhost\/public\/media\/2015\/05\/thumbnail\/CornmealProducts%20%281%29.jpg"}
44,http://localhost/public/media/2015/05/Szechwan_beef_broccoli_food_dinner%20%282%29.jpg,{"name":"Szechwan_beef_broccoli_food_dinner (2).jpg","size":134192,"type":"image\/jpeg","url":"http:\/\/localhost\/public\/media\/2015\/05\/Szechwan_beef_broccoli_food_dinner%20%282%29.jpg","largeUrl":"http:\/\/localhost\/public\/media\/2015\/05\/large\/Szechwan_beef_broccoli_food_dinner%20%282%29.jpg","mediumUrl":"http:\/\/localhost\/public\/media\/2015\/05\/medium\/Szechwan_beef_broccoli_food_dinner%20%282%29.jpg","thumbnailUrl":"http:\/\/localhost\/public\/media\/2015\/05\/thumbnail\/Szechwan_beef_broccoli_food_dinner%20%282%29.jpg"}
45,http://localhost/public/media/2015/05/food-fruits-cereals-breakfast%20%284%29.jpg,{"name":"food-fruits-cereals-breakfast (4).jpg","size":1336468,"type":"image\/jpeg","url":"http:\/\/localhost\/public\/media\/2015\/05\/food-fruits-cereals-breakfast%20%284%29.jpg","largeUrl":"http:\/\/localhost\/public\/media\/2015\/05\/large\/food-fruits-cereals-breakfast%20%284%29.jpg","mediumUrl":"http:\/\/localhost\/public\/media\/2015\/05\/medium\/food-fruits-cereals-breakfast%20%284%29.jpg","thumbnailUrl":"http:\/\/localhost\/public\/media\/2015\/05\/thumbnail\/food-fruits-cereals-breakfast%20%284%29.jpg"}
46,http://localhost/public/media/2015/05/10676-a-display-of-mixed-fruits-and-vegetables-pv%20%283%29.jpg,{"name":"10676-a-display-of-mixed-fruits-and-vegetables-pv (3).jpg","size":478224,"type":"image\/jpeg","url":"http:\/\/localhost\/public\/media\/2015\/05\/10676-a-display-of-mixed-fruits-and-vegetables-pv%20%283%29.jpg","largeUrl":"http:\/\/localhost\/public\/media\/2015\/05\/large\/10676-a-display-of-mixed-fruits-and-vegetables-pv%20%283%29.jpg","mediumUrl":"http:\/\/localhost\/public\/media\/2015\/05\/medium\/10676-a-display-of-mixed-fruits-and-vegetables-pv%20%283%29.jpg","thumbnailUrl":"http:\/\/localhost\/public\/media\/2015\/05\/thumbnail\/10676-a-display-of-mixed-fruits-and-vegetables-pv%20%283%29.jpg"}
47,http://localhost/public/media/2015/05/9518-close-up-of-party-food-or%20%2817%29.jpg,{"name":"9518-close-up-of-party-food-or (17).jpg","size":309854,"type":"image\/jpeg","url":"http:\/\/localhost\/public\/media\/2015\/05\/9518-close-up-of-party-food-or%20%2817%29.jpg","largeUrl":"http:\/\/localhost\/public\/media\/2015\/05\/large\/9518-close-up-of-party-food-or%20%2817%29.jpg","mediumUrl":"http:\/\/localhost\/public\/media\/2015\/05\/medium\/9518-close-up-of-party-food-or%20%2817%29.jpg","thumbnailUrl":"http:\/\/localhost\/public\/media\/2015\/05\/thumbnail\/9518-close-up-of-party-food-or%20%2817%29.jpg"}
62,http://edec.ddns.net/public/media/2015/05/oxfordshoes.jpg,{"name":"oxfordshoes.jpg","size":71416,"type":"image\/jpeg","url":"http:\/\/edec.ddns.net\/public\/media\/2015\/05\/oxfordshoes.jpg","largeUrl":"http:\/\/edec.ddns.net\/public\/media\/2015\/05\/large\/oxfordshoes.jpg","mediumUrl":"http:\/\/edec.ddns.net\/public\/media\/2015\/05\/medium\/oxfordshoes.jpg","thumbnailUrl":"http:\/\/edec.ddns.net\/public\/media\/2015\/05\/thumbnail\/oxfordshoes.jpg"}
63,http://edec.ddns.net/public/media/2015/05/fordvulcanengine.png,{"name":"fordvulcanengine.png","size":503006,"type":"image\/png","url":"http:\/\/edec.ddns.net\/public\/media\/2015\/05\/fordvulcanengine.png","largeUrl":"http:\/\/edec.ddns.net\/public\/media\/2015\/05\/large\/fordvulcanengine.png","mediumUrl":"http:\/\/edec.ddns.net\/public\/media\/2015\/05\/medium\/fordvulcanengine.png","thumbnailUrl":"http:\/\/edec.ddns.net\/public\/media\/2015\/05\/thumbnail\/fordvulcanengine.png"}
64,http://edec.ddns.net/public/media/2015/05/1329293216_d789644e38_z.jpg,{"name":"1329293216_d789644e38_z.jpg","size":297850,"type":"image\/jpeg","url":"http:\/\/edec.ddns.net\/public\/media\/2015\/05\/1329293216_d789644e38_z.jpg","largeUrl":"http:\/\/edec.ddns.net\/public\/media\/2015\/05\/large\/1329293216_d789644e38_z.jpg","mediumUrl":"http:\/\/edec.ddns.net\/public\/media\/2015\/05\/medium\/1329293216_d789644e38_z.jpg","thumbnailUrl":"http:\/\/edec.ddns.net\/public\/media\/2015\/05\/thumbnail\/1329293216_d789644e38_z.jpg"}
65,http://edec.ddns.net/public/media/2015/05/bananas.jpg,{"name":"bananas.jpg","size":30453,"type":"image\/jpeg","url":"http:\/\/edec.ddns.net\/public\/media\/2015\/05\/bananas.jpg","largeUrl":"http:\/\/edec.ddns.net\/public\/media\/2015\/05\/large\/bananas.jpg","mediumUrl":"http:\/\/edec.ddns.net\/public\/media\/2015\/05\/medium\/bananas.jpg","thumbnailUrl":"http:\/\/edec.ddns.net\/public\/media\/2015\/05\/thumbnail\/bananas.jpg"}
66,http://edec.ddns.net/public/media/2015/05/1329293216_d789644e38_z%20%281%29.jpg,{"name":"1329293216_d789644e38_z (1).jpg","size":297850,"type":"image\/jpeg","url":"http:\/\/edec.ddns.net\/public\/media\/2015\/05\/1329293216_d789644e38_z%20%281%29.jpg","largeUrl":"http:\/\/edec.ddns.net\/public\/media\/2015\/05\/large\/1329293216_d789644e38_z%20%281%29.jpg","mediumUrl":"http:\/\/edec.ddns.net\/public\/media\/2015\/05\/medium\/1329293216_d789644e38_z%20%281%29.jpg","thumbnailUrl":"http:\/\/edec.ddns.net\/public\/media\/2015\/05\/thumbnail\/1329293216_d789644e38_z%20%281%29.jpg"}
67,http://edec.ddns.net/public/media/2015/05/aspirine.jpg,{"name":"aspirine.jpg","size":47787,"type":"image\/jpeg","url":"http:\/\/edec.ddns.net\/public\/media\/2015\/05\/aspirine.jpg","largeUrl":"http:\/\/edec.ddns.net\/public\/media\/2015\/05\/large\/aspirine.jpg","mediumUrl":"http:\/\/edec.ddns.net\/public\/media\/2015\/05\/medium\/aspirine.jpg","thumbnailUrl":"http:\/\/edec.ddns.net\/public\/media\/2015\/05\/thumbnail\/aspirine.jpg"}
68,http://edec.ddns.net/public/media/2015/05/coffeebeans.jpg,{"name":"coffeebeans.jpg","size":146714,"type":"image\/jpeg","url":"http:\/\/edec.ddns.net\/public\/media\/2015\/05\/coffeebeans.jpg","largeUrl":"http:\/\/edec.ddns.net\/public\/media\/2015\/05\/large\/coffeebeans.jpg","mediumUrl":"http:\/\/edec.ddns.net\/public\/media\/2015\/05\/medium\/coffeebeans.jpg","thumbnailUrl":"http:\/\/edec.ddns.net\/public\/media\/2015\/05\/thumbnail\/coffeebeans.jpg"}
69,http://edec.ddns.net/public/media/2015/05/bread.jpg,{"name":"bread.jpg","size":204625,"type":"image\/jpeg","url":"http:\/\/edec.ddns.net\/public\/media\/2015\/05\/bread.jpg","largeUrl":"http:\/\/edec.ddns.net\/public\/media\/2015\/05\/large\/bread.jpg","mediumUrl":"http:\/\/edec.ddns.net\/public\/media\/2015\/05\/medium\/bread.jpg","thumbnailUrl":"http:\/\/edec.ddns.net\/public\/media\/2015\/05\/thumbnail\/bread.jpg"}
70,http://edec.ddns.net/public/media/2015/05/yogurt.jpg,{"name":"yogurt.jpg","size":293709,"type":"image\/jpeg","url":"http:\/\/edec.ddns.net\/public\/media\/2015\/05\/yogurt.jpg","largeUrl":"http:\/\/edec.ddns.net\/public\/media\/2015\/05\/large\/yogurt.jpg","mediumUrl":"http:\/\/edec.ddns.net\/public\/media\/2015\/05\/medium\/yogurt.jpg","thumbnailUrl":"http:\/\/edec.ddns.net\/public\/media\/2015\/05\/thumbnail\/yogurt.jpg"}
71,http://edec.ddns.net/public/media/2015/05/food-salad-healthy-vegetables.jpg,{"name":"food-salad-healthy-vegetables.jpg","size":3441728,"type":"image\/jpeg","url":"http:\/\/edec.ddns.net\/public\/media\/2015\/05\/food-salad-healthy-vegetables.jpg","largeUrl":"http:\/\/edec.ddns.net\/public\/media\/2015\/05\/large\/food-salad-healthy-vegetables.jpg","mediumUrl":"http:\/\/edec.ddns.net\/public\/media\/2015\/05\/medium\/food-salad-healthy-vegetables.jpg","thumbnailUrl":"http:\/\/edec.ddns.net\/public\/media\/2015\/05\/thumbnail\/food-salad-healthy-vegetables.jpg"}
72,http://edec.ddns.net/public/media/2015/05/author1.png,{"name":"author1.png","size":161052,"type":"image\/png","url":"http:\/\/edec.ddns.net\/public\/media\/2015\/05\/author1.png","largeUrl":"http:\/\/edec.ddns.net\/public\/media\/2015\/05\/large\/author1.png","mediumUrl":"http:\/\/edec.ddns.net\/public\/media\/2015\/05\/medium\/author1.png","thumbnailUrl":"http:\/\/edec.ddns.net\/public\/media\/2015\/05\/thumbnail\/author1.png"}
73,http://edec.ddns.net/public/media/2015/05/40427_03_bill_gates_says_that_bitcoin_is_better_than_currency_full.jpg,{"name":"40427_03_bill_gates_says_that_bitcoin_is_better_than_currency_full.jpg","size":169236,"type":"image\/jpeg","url":"http:\/\/edec.ddns.net\/public\/media\/2015\/05\/40427_03_bill_gates_says_that_bitcoin_is_better_than_currency_full.jpg","largeUrl":"http:\/\/edec.ddns.net\/public\/media\/2015\/05\/large\/40427_03_bill_gates_says_that_bitcoin_is_better_than_currency_full.jpg","mediumUrl":"http:\/\/edec.ddns.net\/public\/media\/2015\/05\/medium\/40427_03_bill_gates_says_that_bitcoin_is_better_than_currency_full.jpg","thumbnailUrl":"http:\/\/edec.ddns.net\/public\/media\/2015\/05\/thumbnail\/40427_03_bill_gates_says_that_bitcoin_is_better_than_currency_full.jpg"}
74,http://edec.ddns.net/public/media/2015/05/Steven-Spielberg-talks-ab-011.jpg,{"name":"Steven-Spielberg-talks-ab-011.jpg","size":106533,"type":"image\/jpeg","url":"http:\/\/edec.ddns.net\/public\/media\/2015\/05\/Steven-Spielberg-talks-ab-011.jpg","largeUrl":"http:\/\/edec.ddns.net\/public\/media\/2015\/05\/large\/Steven-Spielberg-talks-ab-011.jpg","mediumUrl":"http:\/\/edec.ddns.net\/public\/media\/2015\/05\/medium\/Steven-Spielberg-talks-ab-011.jpg","thumbnailUrl":"http:\/\/edec.ddns.net\/public\/media\/2015\/05\/thumbnail\/Steven-Spielberg-talks-ab-011.jpg"}
75,http://edec.ddns.net/public/media/2015/05/Elon-Musk-profile-2.jpg,{"name":"Elon-Musk-profile-2.jpg","size":793221,"type":"image\/jpeg","url":"http:\/\/edec.ddns.net\/public\/media\/2015\/05\/Elon-Musk-profile-2.jpg","largeUrl":"http:\/\/edec.ddns.net\/public\/media\/2015\/05\/large\/Elon-Musk-profile-2.jpg","mediumUrl":"http:\/\/edec.ddns.net\/public\/media\/2015\/05\/medium\/Elon-Musk-profile-2.jpg","thumbnailUrl":"http:\/\/edec.ddns.net\/public\/media\/2015\/05\/thumbnail\/Elon-Musk-profile-2.jpg"}
76,http://edec.ddns.net/public/media/2015/05/author4.jpg,{"name":"author4.jpg","size":124134,"type":"image\/jpeg","url":"http:\/\/edec.ddns.net\/public\/media\/2015\/05\/author4.jpg","largeUrl":"http:\/\/edec.ddns.net\/public\/media\/2015\/05\/large\/author4.jpg","mediumUrl":"http:\/\/edec.ddns.net\/public\/media\/2015\/05\/medium\/author4.jpg","thumbnailUrl":"http:\/\/edec.ddns.net\/public\/media\/2015\/05\/thumbnail\/author4.jpg"}
77,http://edec.ddns.net/public/media/2015/05/IMG_3006.JPG,{"name":"IMG_3006.JPG","size":3633780,"type":"image\/jpeg","url":"http:\/\/edec.ddns.net\/public\/media\/2015\/05\/IMG_3006.JPG","largeUrl":"http:\/\/edec.ddns.net\/public\/media\/2015\/05\/large\/IMG_3006.JPG","mediumUrl":"http:\/\/edec.ddns.net\/public\/media\/2015\/05\/medium\/IMG_3006.JPG","thumbnailUrl":"http:\/\/edec.ddns.net\/public\/media\/2015\/05\/thumbnail\/IMG_3006.JPG"}
78,http://edec.ddns.net/public/media/2015/05/bananas%20%281%29.jpg,{"name":"bananas (1).jpg","size":1285623,"type":"image\/jpeg","url":"http:\/\/edec.ddns.net\/public\/media\/2015\/05\/bananas%20%281%29.jpg","largeUrl":"http:\/\/edec.ddns.net\/public\/media\/2015\/05\/large\/bananas%20%281%29.jpg","mediumUrl":"http:\/\/edec.ddns.net\/public\/media\/2015\/05\/medium\/bananas%20%281%29.jpg","thumbnailUrl":"http:\/\/edec.ddns.net\/public\/media\/2015\/05\/thumbnail\/bananas%20%281%29.jpg"}
79,http://edec.ddns.net/public/media/2015/05/camera.jpg,{"name":"camera.jpg","size":310808,"type":"image\/jpeg","url":"http:\/\/edec.ddns.net\/public\/media\/2015\/05\/camera.jpg","largeUrl":"http:\/\/edec.ddns.net\/public\/media\/2015\/05\/large\/camera.jpg","mediumUrl":"http:\/\/edec.ddns.net\/public\/media\/2015\/05\/medium\/camera.jpg","thumbnailUrl":"http:\/\/edec.ddns.net\/public\/media\/2015\/05\/thumbnail\/camera.jpg"}
80,http://edec.ddns.net/public/media/2015/05/strawberries.jpg,{"name":"strawberries.jpg","size":297850,"type":"image\/jpeg","url":"http:\/\/edec.ddns.net\/public\/media\/2015\/05\/strawberries.jpg","largeUrl":"http:\/\/edec.ddns.net\/public\/media\/2015\/05\/large\/strawberries.jpg","mediumUrl":"http:\/\/edec.ddns.net\/public\/media\/2015\/05\/medium\/strawberries.jpg","thumbnailUrl":"http:\/\/edec.ddns.net\/public\/media\/2015\/05\/thumbnail\/strawberries.jpg"}
81,http://edec.ddns.net/public/media/2015/05/shampoo.jpg,{"name":"shampoo.jpg","size":79044,"type":"image\/jpeg","url":"http:\/\/edec.ddns.net\/public\/media\/2015\/05\/shampoo.jpg","largeUrl":"http:\/\/edec.ddns.net\/public\/media\/2015\/05\/large\/shampoo.jpg","mediumUrl":"http:\/\/edec.ddns.net\/public\/media\/2015\/05\/medium\/shampoo.jpg","thumbnailUrl":"http:\/\/edec.ddns.net\/public\/media\/2015\/05\/thumbnail\/shampoo.jpg"}
82,http://edec.ddns.net/public/media/2015/05/handcream.jpg,{"name":"handcream.jpg","size":13900,"type":"image\/jpeg","url":"http:\/\/edec.ddns.net\/public\/media\/2015\/05\/handcream.jpg","largeUrl":"http:\/\/edec.ddns.net\/public\/media\/2015\/05\/large\/handcream.jpg","mediumUrl":"http:\/\/edec.ddns.net\/public\/media\/2015\/05\/medium\/handcream.jpg","thumbnailUrl":"http:\/\/edec.ddns.net\/public\/media\/2015\/05\/thumbnail\/handcream.jpg"}
83,http://edec.ddns.net/public/media/2015/05/handcream%20%281%29.jpg,{"name":"handcream (1).jpg","size":13900,"type":"image\/jpeg","url":"http:\/\/edec.ddns.net\/public\/media\/2015\/05\/handcream%20%281%29.jpg","largeUrl":"http:\/\/edec.ddns.net\/public\/media\/2015\/05\/large\/handcream%20%281%29.jpg","mediumUrl":"http:\/\/edec.ddns.net\/public\/media\/2015\/05\/medium\/handcream%20%281%29.jpg","thumbnailUrl":"http:\/\/edec.ddns.net\/public\/media\/2015\/05\/thumbnail\/handcream%20%281%29.jpg"}
84,http://edec.ddns.net/public/media/2015/05/books.jpg,{"name":"books.jpg","size":284795,"type":"image\/jpeg","url":"http:\/\/edec.ddns.net\/public\/media\/2015\/05\/books.jpg","largeUrl":"http:\/\/edec.ddns.net\/public\/media\/2015\/05\/large\/books.jpg","mediumUrl":"http:\/\/edec.ddns.net\/public\/media\/2015\/05\/medium\/books.jpg","thumbnailUrl":"http:\/\/edec.ddns.net\/public\/media\/2015\/05\/thumbnail\/books.jpg"}
85,http://edec.ddns.net/public/media/2015/05/jeans.jpg,{"name":"jeans.jpg","size":131775,"type":"image\/jpeg","url":"http:\/\/edec.ddns.net\/public\/media\/2015\/05\/jeans.jpg","largeUrl":"http:\/\/edec.ddns.net\/public\/media\/2015\/05\/large\/jeans.jpg","mediumUrl":"http:\/\/edec.ddns.net\/public\/media\/2015\/05\/medium\/jeans.jpg","thumbnailUrl":"http:\/\/edec.ddns.net\/public\/media\/2015\/05\/thumbnail\/jeans.jpg"}
86,http://edec.ddns.net/public/media/2015/05/crayons.jpg,{"name":"crayons.jpg","size":170777,"type":"image\/jpeg","url":"http:\/\/edec.ddns.net\/public\/media\/2015\/05\/crayons.jpg","largeUrl":"http:\/\/edec.ddns.net\/public\/media\/2015\/05\/large\/crayons.jpg","mediumUrl":"http:\/\/edec.ddns.net\/public\/media\/2015\/05\/medium\/crayons.jpg","thumbnailUrl":"http:\/\/edec.ddns.net\/public\/media\/2015\/05\/thumbnail\/crayons.jpg"}
87,http://edec.ddns.net/public/media/2015/05/socks.jpg,{"name":"socks.jpg","size":233275,"type":"image\/jpeg","url":"http:\/\/edec.ddns.net\/public\/media\/2015\/05\/socks.jpg","largeUrl":"http:\/\/edec.ddns.net\/public\/media\/2015\/05\/large\/socks.jpg","mediumUrl":"http:\/\/edec.ddns.net\/public\/media\/2015\/05\/medium\/socks.jpg","thumbnailUrl":"http:\/\/edec.ddns.net\/public\/media\/2015\/05\/thumbnail\/socks.jpg"}
88,http://edec.ddns.net/public/media/2015/05/ties.jpg,{"name":"ties.jpg","size":482581,"type":"image\/jpeg","url":"http:\/\/edec.ddns.net\/public\/media\/2015\/05\/ties.jpg","largeUrl":"http:\/\/edec.ddns.net\/public\/media\/2015\/05\/large\/ties.jpg","mediumUrl":"http:\/\/edec.ddns.net\/public\/media\/2015\/05\/medium\/ties.jpg","thumbnailUrl":"http:\/\/edec.ddns.net\/public\/media\/2015\/05\/thumbnail\/ties.jpg"}
89,http://edec.ddns.net/public/media/2015/05/pocketwatch.jpg,{"name":"pocketwatch.jpg","size":403440,"type":"image\/jpeg","url":"http:\/\/edec.ddns.net\/public\/media\/2015\/05\/pocketwatch.jpg","largeUrl":"http:\/\/edec.ddns.net\/public\/media\/2015\/05\/large\/pocketwatch.jpg","mediumUrl":"http:\/\/edec.ddns.net\/public\/media\/2015\/05\/medium\/pocketwatch.jpg","thumbnailUrl":"http:\/\/edec.ddns.net\/public\/media\/2015\/05\/thumbnail\/pocketwatch.jpg"}
90,http://edec.ddns.net/public/media/2015/05/pizza.jpg,{"name":"pizza.jpg","size":364817,"type":"image\/jpeg","url":"http:\/\/edec.ddns.net\/public\/media\/2015\/05\/pizza.jpg","largeUrl":"http:\/\/edec.ddns.net\/public\/media\/2015\/05\/large\/pizza.jpg","mediumUrl":"http:\/\/edec.ddns.net\/public\/media\/2015\/05\/medium\/pizza.jpg","thumbnailUrl":"http:\/\/edec.ddns.net\/public\/media\/2015\/05\/thumbnail\/pizza.jpg"}
91,http://edec.ddns.net/public/media/2015/05/Five_bullets.jpg,{"name":"Five_bullets.jpg","size":4235686,"type":"image\/jpeg","url":"http:\/\/edec.ddns.net\/public\/media\/2015\/05\/Five_bullets.jpg","largeUrl":"http:\/\/edec.ddns.net\/public\/media\/2015\/05\/large\/Five_bullets.jpg","mediumUrl":"http:\/\/edec.ddns.net\/public\/media\/2015\/05\/medium\/Five_bullets.jpg","thumbnailUrl":"http:\/\/edec.ddns.net\/public\/media\/2015\/05\/thumbnail\/Five_bullets.jpg"}
92,http://edec.ddns.net/public/media/2015/05/01_-_Set_of_Energizer_Batteries.jpg,{"name":"01_-_Set_of_Energizer_Batteries.jpg","size":2143405,"type":"image\/jpeg","url":"http:\/\/edec.ddns.net\/public\/media\/2015\/05\/01_-_Set_of_Energizer_Batteries.jpg","largeUrl":"http:\/\/edec.ddns.net\/public\/media\/2015\/05\/large\/01_-_Set_of_Energizer_Batteries.jpg","mediumUrl":"http:\/\/edec.ddns.net\/public\/media\/2015\/05\/medium\/01_-_Set_of_Energizer_Batteries.jpg","thumbnailUrl":"http:\/\/edec.ddns.net\/public\/media\/2015\/05\/thumbnail\/01_-_Set_of_Energizer_Batteries.jpg"}
93,http://edec.ddns.net/public/media/2015/05/Five_bullets%20%281%29.jpg,{"name":"Five_bullets (1).jpg","size":4235686,"type":"image\/jpeg","url":"http:\/\/edec.ddns.net\/public\/media\/2015\/05\/Five_bullets%20%281%29.jpg","largeUrl":"http:\/\/edec.ddns.net\/public\/media\/2015\/05\/large\/Five_bullets%20%281%29.jpg","mediumUrl":"http:\/\/edec.ddns.net\/public\/media\/2015\/05\/medium\/Five_bullets%20%281%29.jpg","thumbnailUrl":"http:\/\/edec.ddns.net\/public\/media\/2015\/05\/thumbnail\/Five_bullets%20%281%29.jpg"}
94,http://edec.ddns.net/public/media/2015/06/M16a4lh6.jpg,{"name":"M16a4lh6.jpg","size":53884,"type":"image\/jpeg","url":"http:\/\/edec.ddns.net\/public\/media\/2015\/06\/M16a4lh6.jpg","largeUrl":"http:\/\/edec.ddns.net\/public\/media\/2015\/06\/large\/M16a4lh6.jpg","mediumUrl":"http:\/\/edec.ddns.net\/public\/media\/2015\/06\/medium\/M16a4lh6.jpg","thumbnailUrl":"http:\/\/edec.ddns.net\/public\/media\/2015\/06\/thumbnail\/M16a4lh6.jpg"}
95,http://edec.ddns.net/public/media/2015/06/woman.jpg,{"name":"woman.jpg","size":108938,"type":"image\/jpeg","url":"http:\/\/edec.ddns.net\/public\/media\/2015\/06\/woman.jpg","largeUrl":"http:\/\/edec.ddns.net\/public\/media\/2015\/06\/large\/woman.jpg","mediumUrl":"http:\/\/edec.ddns.net\/public\/media\/2015\/06\/medium\/woman.jpg","thumbnailUrl":"http:\/\/edec.ddns.net\/public\/media\/2015\/06\/thumbnail\/woman.jpg"}
96,http://edec.ddns.net/public/media/2015/06/woman1.jpg,{"name":"woman1.jpg","size":3553471,"type":"image\/jpeg","url":"http:\/\/edec.ddns.net\/public\/media\/2015\/06\/woman1.jpg","largeUrl":"http:\/\/edec.ddns.net\/public\/media\/2015\/06\/large\/woman1.jpg","mediumUrl":"http:\/\/edec.ddns.net\/public\/media\/2015\/06\/medium\/woman1.jpg","thumbnailUrl":"http:\/\/edec.ddns.net\/public\/media\/2015\/06\/thumbnail\/woman1.jpg"}
97,http://edec.ddns.net/public/media/2015/06/woman2.jpg,{"name":"woman2.jpg","size":203724,"type":"image\/jpeg","url":"http:\/\/edec.ddns.net\/public\/media\/2015\/06\/woman2.jpg","largeUrl":"http:\/\/edec.ddns.net\/public\/media\/2015\/06\/large\/woman2.jpg","mediumUrl":"http:\/\/edec.ddns.net\/public\/media\/2015\/06\/medium\/woman2.jpg","thumbnailUrl":"http:\/\/edec.ddns.net\/public\/media\/2015\/06\/thumbnail\/woman2.jpg"}
98,http://edec.ddns.net/public/media/2015/06/woman1%20%281%29.jpg,{"name":"woman1 (1).jpg","size":3553471,"type":"image\/jpeg","url":"http:\/\/edec.ddns.net\/public\/media\/2015\/06\/woman1%20%281%29.jpg","largeUrl":"http:\/\/edec.ddns.net\/public\/media\/2015\/06\/large\/woman1%20%281%29.jpg","mediumUrl":"http:\/\/edec.ddns.net\/public\/media\/2015\/06\/medium\/woman1%20%281%29.jpg","thumbnailUrl":"http:\/\/edec.ddns.net\/public\/media\/2015\/06\/thumbnail\/woman1%20%281%29.jpg"}
99,http://edec.ddns.net/public/media/2015/06/woman1%20%282%29.jpg,{"name":"woman1 (2).jpg","size":3553471,"type":"image\/jpeg","url":"http:\/\/edec.ddns.net\/public\/media\/2015\/06\/woman1%20%282%29.jpg","largeUrl":"http:\/\/edec.ddns.net\/public\/media\/2015\/06\/large\/woman1%20%282%29.jpg","mediumUrl":"http:\/\/edec.ddns.net\/public\/media\/2015\/06\/medium\/woman1%20%282%29.jpg","thumbnailUrl":"http:\/\/edec.ddns.net\/public\/media\/2015\/06\/thumbnail\/woman1%20%282%29.jpg"}
100,http://edec.ddns.net/public/media/2015/06/woman%20%281%29.jpg,{"name":"woman (1).jpg","size":108938,"type":"image\/jpeg","url":"http:\/\/edec.ddns.net\/public\/media\/2015\/06\/woman%20%281%29.jpg","largeUrl":"http:\/\/edec.ddns.net\/public\/media\/2015\/06\/large\/woman%20%281%29.jpg","mediumUrl":"http:\/\/edec.ddns.net\/public\/media\/2015\/06\/medium\/woman%20%281%29.jpg","thumbnailUrl":"http:\/\/edec.ddns.net\/public\/media\/2015\/06\/thumbnail\/woman%20%281%29.jpg"}
101,http://edec.ddns.net/public/media/2015/06/woman3.jpg,{"name":"woman3.jpg","size":50499,"type":"image\/jpeg","url":"http:\/\/edec.ddns.net\/public\/media\/2015\/06\/woman3.jpg","largeUrl":"http:\/\/edec.ddns.net\/public\/media\/2015\/06\/large\/woman3.jpg","mediumUrl":"http:\/\/edec.ddns.net\/public\/media\/2015\/06\/medium\/woman3.jpg","thumbnailUrl":"http:\/\/edec.ddns.net\/public\/media\/2015\/06\/thumbnail\/woman3.jpg"}
102,http://edec.ddns.net/public/media/2015/06/woman3%20%281%29.jpg,{"name":"woman3 (1).jpg","size":50499,"type":"image\/jpeg","url":"http:\/\/edec.ddns.net\/public\/media\/2015\/06\/woman3%20%281%29.jpg","largeUrl":"http:\/\/edec.ddns.net\/public\/media\/2015\/06\/large\/woman3%20%281%29.jpg","mediumUrl":"http:\/\/edec.ddns.net\/public\/media\/2015\/06\/medium\/woman3%20%281%29.jpg","thumbnailUrl":"http:\/\/edec.ddns.net\/public\/media\/2015\/06\/thumbnail\/woman3%20%281%29.jpg"}
103,http://edec.ddns.net/public/media/2015/06/22_July%2C_2011_Guy_Nov%C3%A8s_%281%29.jpg,{"name":"22_July,_2011_Guy_Nov\u00e8s_(1).jpg","size":2602163,"type":"image\/jpeg","url":"http:\/\/edec.ddns.net\/public\/media\/2015\/06\/22_July%2C_2011_Guy_Nov%C3%A8s_%281%29.jpg","largeUrl":"http:\/\/edec.ddns.net\/public\/media\/2015\/06\/large\/22_July%2C_2011_Guy_Nov%C3%A8s_%281%29.jpg","mediumUrl":"http:\/\/edec.ddns.net\/public\/media\/2015\/06\/medium\/22_July%2C_2011_Guy_Nov%C3%A8s_%281%29.jpg","thumbnailUrl":"http:\/\/edec.ddns.net\/public\/media\/2015\/06\/thumbnail\/22_July%2C_2011_Guy_Nov%C3%A8s_%281%29.jpg"}
104,http://edec.ddns.net/public/media/2015/06/8750731535_8189f4dd96_z.jpg,{"name":"8750731535_8189f4dd96_z.jpg","size":135552,"type":"image\/jpeg","url":"http:\/\/edec.ddns.net\/public\/media\/2015\/06\/8750731535_8189f4dd96_z.jpg","largeUrl":"http:\/\/edec.ddns.net\/public\/media\/2015\/06\/large\/8750731535_8189f4dd96_z.jpg","mediumUrl":"http:\/\/edec.ddns.net\/public\/media\/2015\/06\/medium\/8750731535_8189f4dd96_z.jpg","thumbnailUrl":"http:\/\/edec.ddns.net\/public\/media\/2015\/06\/thumbnail\/8750731535_8189f4dd96_z.jpg"}
105,http://edec.ddns.net/public/media/2015/06/Guy_Pearce_Cannes_2012.jpg,{"name":"Guy_Pearce_Cannes_2012.jpg","size":123581,"type":"image\/jpeg","url":"http:\/\/edec.ddns.net\/public\/media\/2015\/06\/Guy_Pearce_Cannes_2012.jpg","largeUrl":"http:\/\/edec.ddns.net\/public\/media\/2015\/06\/large\/Guy_Pearce_Cannes_2012.jpg","mediumUrl":"http:\/\/edec.ddns.net\/public\/media\/2015\/06\/medium\/Guy_Pearce_Cannes_2012.jpg","thumbnailUrl":"http:\/\/edec.ddns.net\/public\/media\/2015\/06\/thumbnail\/Guy_Pearce_Cannes_2012.jpg"}
106,http://edec.ddns.net/public/media/2015/06/Guy_Rolfe_in_Young_Bess_trailer.jpg,{"name":"Guy_Rolfe_in_Young_Bess_trailer.jpg","size":23204,"type":"image\/jpeg","url":"http:\/\/edec.ddns.net\/public\/media\/2015\/06\/Guy_Rolfe_in_Young_Bess_trailer.jpg","largeUrl":"http:\/\/edec.ddns.net\/public\/media\/2015\/06\/large\/Guy_Rolfe_in_Young_Bess_trailer.jpg","mediumUrl":"http:\/\/edec.ddns.net\/public\/media\/2015\/06\/medium\/Guy_Rolfe_in_Young_Bess_trailer.jpg","thumbnailUrl":"http:\/\/edec.ddns.net\/public\/media\/2015\/06\/thumbnail\/Guy_Rolfe_in_Young_Bess_trailer.jpg"}
107,http://edec.ddns.net/public/media/2015/06/Guy_Sebastian_2014.jpg,{"name":"Guy_Sebastian_2014.jpg","size":1260648,"type":"image\/jpeg","url":"http:\/\/edec.ddns.net\/public\/media\/2015\/06\/Guy_Sebastian_2014.jpg","largeUrl":"http:\/\/edec.ddns.net\/public\/media\/2015\/06\/large\/Guy_Sebastian_2014.jpg","mediumUrl":"http:\/\/edec.ddns.net\/public\/media\/2015\/06\/medium\/Guy_Sebastian_2014.jpg","thumbnailUrl":"http:\/\/edec.ddns.net\/public\/media\/2015\/06\/thumbnail\/Guy_Sebastian_2014.jpg"}
108,http://edec.ddns.net/public/media/2015/06/Minister_Nathan_Guy_-_photo.jpg,{"name":"Minister_Nathan_Guy_-_photo.jpg","size":475081,"type":"image\/jpeg","url":"http:\/\/edec.ddns.net\/public\/media\/2015\/06\/Minister_Nathan_Guy_-_photo.jpg","largeUrl":"http:\/\/edec.ddns.net\/public\/media\/2015\/06\/large\/Minister_Nathan_Guy_-_photo.jpg","mediumUrl":"http:\/\/edec.ddns.net\/public\/media\/2015\/06\/medium\/Minister_Nathan_Guy_-_photo.jpg","thumbnailUrl":"http:\/\/edec.ddns.net\/public\/media\/2015\/06\/thumbnail\/Minister_Nathan_Guy_-_photo.jpg"}
109,http://edec.ddns.net/public/media/2015/06/Minister_Nathan_Guy_-_photo%20%281%29.jpg,{"name":"Minister_Nathan_Guy_-_photo (1).jpg","size":475081,"type":"image\/jpeg","url":"http:\/\/edec.ddns.net\/public\/media\/2015\/06\/Minister_Nathan_Guy_-_photo%20%281%29.jpg","largeUrl":"http:\/\/edec.ddns.net\/public\/media\/2015\/06\/large\/Minister_Nathan_Guy_-_photo%20%281%29.jpg","mediumUrl":"http:\/\/edec.ddns.net\/public\/media\/2015\/06\/medium\/Minister_Nathan_Guy_-_photo%20%281%29.jpg","thumbnailUrl":"http:\/\/edec.ddns.net\/public\/media\/2015\/06\/thumbnail\/Minister_Nathan_Guy_-_photo%20%281%29.jpg"}
110,http://edec.ddns.net/public/media/2015/06/NCI_Visuals_Food_Hamburger.jpg,{"name":"NCI_Visuals_Food_Hamburger.jpg","size":3287593,"type":"image\/jpeg","url":"http:\/\/edec.ddns.net\/public\/media\/2015\/06\/NCI_Visuals_Food_Hamburger.jpg","largeUrl":"http:\/\/edec.ddns.net\/public\/media\/2015\/06\/large\/NCI_Visuals_Food_Hamburger.jpg","mediumUrl":"http:\/\/edec.ddns.net\/public\/media\/2015\/06\/medium\/NCI_Visuals_Food_Hamburger.jpg","thumbnailUrl":"http:\/\/edec.ddns.net\/public\/media\/2015\/06\/thumbnail\/NCI_Visuals_Food_Hamburger.jpg"}
111,http://edec.ddns.net/public/media/2015/06/peppy-penguin1.png,{"name":"peppy-penguin1.png","size":103008,"type":"image\/png","url":"http:\/\/edec.ddns.net\/public\/media\/2015\/06\/peppy-penguin1.png","largeUrl":"http:\/\/edec.ddns.net\/public\/media\/2015\/06\/large\/peppy-penguin1.png","mediumUrl":"http:\/\/edec.ddns.net\/public\/media\/2015\/06\/medium\/peppy-penguin1.png","thumbnailUrl":"http:\/\/edec.ddns.net\/public\/media\/2015\/06\/thumbnail\/peppy-penguin1.png"}
112,http://edec.ddns.net/public/media/2015/06/avatar.jpg,{"name":"avatar.jpg","size":122539,"type":"image\/jpeg","url":"http:\/\/edec.ddns.net\/public\/media\/2015\/06\/avatar.jpg","largeUrl":"http:\/\/edec.ddns.net\/public\/media\/2015\/06\/large\/avatar.jpg","mediumUrl":"http:\/\/edec.ddns.net\/public\/media\/2015\/06\/medium\/avatar.jpg","thumbnailUrl":"http:\/\/edec.ddns.net\/public\/media\/2015\/06\/thumbnail\/avatar.jpg"}
113,http://edec.ddns.net/public/media/2015/06/avatar%20%281%29.jpg,{"name":"avatar (1).jpg","size":122539,"type":"image\/jpeg","url":"http:\/\/edec.ddns.net\/public\/media\/2015\/06\/avatar%20%281%29.jpg","largeUrl":"http:\/\/edec.ddns.net\/public\/media\/2015\/06\/large\/avatar%20%281%29.jpg","mediumUrl":"http:\/\/edec.ddns.net\/public\/media\/2015\/06\/medium\/avatar%20%281%29.jpg","thumbnailUrl":"http:\/\/edec.ddns.net\/public\/media\/2015\/06\/thumbnail\/avatar%20%281%29.jpg"}
114,http://edec.ddns.net/public/media/2015/06/4669529544_f341867210_o.jpg,{"name":"4669529544_f341867210_o.jpg","size":5600326,"type":"image\/jpeg","url":"http:\/\/edec.ddns.net\/public\/media\/2015\/06\/4669529544_f341867210_o.jpg","largeUrl":"http:\/\/edec.ddns.net\/public\/media\/2015\/06\/large\/4669529544_f341867210_o.jpg","mediumUrl":"http:\/\/edec.ddns.net\/public\/media\/2015\/06\/medium\/4669529544_f341867210_o.jpg","thumbnailUrl":"http:\/\/edec.ddns.net\/public\/media\/2015\/06\/thumbnail\/4669529544_f341867210_o.jpg"}
